{"cameraMode":{"drawMode":0,"name":"Shaded","section":"Shading Mode"},"sceneLighting":false,"audioPlay":false,"sceneViewState":{"showFog":true,"showMaterialUpdate":true,"showSkybox":true,"showFlares":true,"showImageEffects":true,"showParticleSystems":true},"in2DMode":false,"pivot":{"x":-1.1009165048599244,"y":0.8208192586898804,"z":1.0192171335220338},"rotation":{"x":0.248589888215065,"y":0.24377501010894776,"z":-0.06480002403259278,"w":0.9351886510848999},"size":1.1601113080978394,"orthographic":false}