{"cameraMode":{"drawMode":0,"name":"Shaded","section":"Shading Mode"},"sceneLighting":false,"audioPlay":false,"sceneViewState":{"showFog":true,"showMaterialUpdate":true,"showSkybox":true,"showFlares":true,"showImageEffects":true,"showParticleSystems":true},"in2DMode":false,"pivot":{"x":-8.703083038330079,"y":0.5146172046661377,"z":-0.3753150403499603},"rotation":{"x":0.012027573771774769,"y":-0.9540168642997742,"z":0.29700952768325808,"w":0.03863470256328583},"size":1.0491394996643067,"orthographic":false}