{"cameraMode":{"drawMode":0,"name":"Shaded","section":"Shading Mode"},"sceneLighting":false,"audioPlay":false,"sceneViewState":{"showFog":true,"showMaterialUpdate":true,"showSkybox":true,"showFlares":true,"showImageEffects":true,"showParticleSystems":true},"in2DMode":false,"pivot":{"x":-1.628817081451416,"y":0.7267755270004273,"z":2.6974971294403078},"rotation":{"x":0.248589888215065,"y":0.24377501010894776,"z":-0.06480002403259278,"w":0.9351886510848999},"size":1.325146198272705,"orthographic":false}