{"cameraMode":{"drawMode":0,"name":"Shaded","section":"Shading Mode"},"sceneLighting":false,"audioPlay":false,"sceneViewState":{"showFog":true,"showMaterialUpdate":true,"showSkybox":true,"showFlares":true,"showImageEffects":true,"showParticleSystems":true},"in2DMode":false,"pivot":{"x":39.70047378540039,"y":1.5057615041732789,"z":22.423608779907228},"rotation":{"x":-0.10165324062108994,"y":0.13255180418491364,"z":-0.013667645864188671,"w":-0.9858548641204834},"size":2.910217046737671,"orthographic":false}