{"cameraMode":{"drawMode":0,"name":"Shaded","section":"Shading Mode"},"sceneLighting":false,"audioPlay":false,"sceneViewState":{"showFog":true,"showMaterialUpdate":true,"showSkybox":true,"showFlares":true,"showImageEffects":true,"showParticleSystems":true},"in2DMode":false,"pivot":{"x":-0.21299999952316285,"y":0.8071026802062988,"z":0.965999960899353},"rotation":{"x":0.1863720715045929,"y":0.24751833081245423,"z":-0.04858184605836868,"w":0.949547290802002},"size":3.1491401195526125,"orthographic":false}