{"cameraMode":{"drawMode":0,"name":"Shaded","section":"Shading Mode"},"sceneLighting":false,"audioPlay":false,"sceneViewState":{"showFog":true,"showMaterialUpdate":true,"showSkybox":true,"showFlares":true,"showImageEffects":true,"showParticleSystems":true},"in2DMode":false,"pivot":{"x":0.09800000488758087,"y":0.8609358072280884,"z":0.9390000104904175},"rotation":{"x":0.1363854706287384,"y":-0.0014905879506841303,"z":0.00020489058806560934,"w":0.990654706954956},"size":22.0,"orthographic":false}