{"cameraMode":{"drawMode":0,"name":"Shaded","section":"Shading Mode"},"sceneLighting":false,"audioPlay":false,"sceneViewState":{"showFog":true,"showMaterialUpdate":true,"showSkybox":true,"showFlares":true,"showImageEffects":true,"showParticleSystems":true},"in2DMode":false,"pivot":{"x":-2.7536697387695314,"y":0.7746914625167847,"z":5.001861572265625},"rotation":{"x":-0.09772911667823792,"y":0.47251155972480776,"z":-0.05281742662191391,"w":-0.8742952942848206},"size":5.284636974334717,"orthographic":false}