{"cameraMode":{"drawMode":0,"name":"Shaded","section":"Shading Mode"},"sceneLighting":true,"audioPlay":false,"sceneViewState":{"showFog":true,"showMaterialUpdate":true,"showSkybox":true,"showFlares":true,"showImageEffects":true,"showParticleSystems":true},"in2DMode":false,"pivot":{"x":6.184786796569824,"y":-3.8514866828918459,"z":22.631580352783204},"rotation":{"x":0.1005864217877388,"y":-0.032830704003572467,"z":0.003320697695016861,"w":0.9943810105323792},"size":35.38669204711914,"orthographic":false}