{"cameraMode":{"drawMode":0,"name":"Shaded","section":"Shading Mode"},"sceneLighting":false,"audioPlay":false,"sceneViewState":{"showFog":true,"showMaterialUpdate":true,"showSkybox":true,"showFlares":true,"showImageEffects":true,"showParticleSystems":true},"in2DMode":false,"pivot":{"x":-0.25,"y":1.0028390884399415,"z":-10.303937911987305},"rotation":{"x":0.22325800359249116,"y":0.15998508036136628,"z":-0.03717479854822159,"w":0.9608219265937805},"size":62.19214630126953,"orthographic":false}