{"cameraMode":{"drawMode":0,"name":"Shaded","section":"Shading Mode"},"sceneLighting":false,"audioPlay":false,"sceneViewState":{"showFog":true,"showMaterialUpdate":true,"showSkybox":true,"showFlares":true,"showImageEffects":true,"showParticleSystems":true},"in2DMode":false,"pivot":{"x":0.32700061798095705,"y":0.853935718536377,"z":1.0930004119873047},"rotation":{"x":0.21179978549480439,"y":-0.6793684363365173,"z":0.21514108777046204,"w":0.6688151359558106},"size":40.010372161865237,"orthographic":false}