{"cameraMode":{"drawMode":0,"name":"Shaded","section":"Shading Mode"},"sceneLighting":false,"audioPlay":false,"sceneViewState":{"showFog":true,"showMaterialUpdate":true,"showSkybox":true,"showFlares":true,"showImageEffects":true,"showParticleSystems":true},"in2DMode":false,"pivot":{"x":-0.012999620288610459,"y":-0.382897287607193,"z":8.668999671936036},"rotation":{"x":0.019805604591965677,"y":-0.022498294711112977,"z":0.0004454817099031061,"w":0.9995505809783936},"size":0.1491411179304123,"orthographic":false}