{"cameraMode":{"drawMode":0,"name":"Shaded","section":"Shading Mode"},"sceneLighting":false,"audioPlay":false,"sceneViewState":{"showFog":true,"showMaterialUpdate":true,"showSkybox":true,"showFlares":true,"showImageEffects":true,"showParticleSystems":true},"in2DMode":false,"pivot":{"x":-0.11299961805343628,"y":0.8039608001708984,"z":1.1815495491027833},"rotation":{"x":0.21346046030521394,"y":0.19654648005962373,"z":-0.04388773813843727,"w":0.9559697508811951},"size":0.1487291008234024,"orthographic":false}