{"cameraMode":{"drawMode":0,"name":"Shaded","section":"Shading Mode"},"sceneLighting":false,"audioPlay":false,"sceneViewState":{"showFog":true,"showMaterialUpdate":true,"showSkybox":true,"showFlares":true,"showImageEffects":true,"showParticleSystems":true},"in2DMode":false,"pivot":{"x":-0.592332124710083,"y":0.929696798324585,"z":7.206207275390625},"rotation":{"x":0.09667319804430008,"y":-0.2837062180042267,"z":0.028761470690369607,"w":0.9535921216011047},"size":7.708420753479004,"orthographic":false}