{"cameraMode":{"drawMode":0,"name":"Shaded","section":"Shading Mode"},"sceneLighting":false,"audioPlay":false,"sceneViewState":{"showFog":true,"showMaterialUpdate":true,"showSkybox":true,"showFlares":true,"showImageEffects":true,"showParticleSystems":true},"in2DMode":false,"pivot":{"x":36.892520904541019,"y":2.0693435668945314,"z":22.335498809814454},"rotation":{"x":-0.005196045618504286,"y":-0.8299803137779236,"z":0.00773213105276227,"w":-0.5577148795127869},"size":6.849527835845947,"orthographic":false}