{"cameraMode":{"drawMode":0,"name":"Shaded","section":"Shading Mode"},"sceneLighting":false,"audioPlay":false,"sceneViewState":{"showFog":true,"showMaterialUpdate":true,"showSkybox":true,"showFlares":true,"showImageEffects":true,"showParticleSystems":true},"in2DMode":false,"pivot":{"x":1.4779953956604005,"y":0.07618927955627442,"z":16.734825134277345},"rotation":{"x":-0.013200453482568264,"y":-0.9862149357795715,"z":0.09826875478029251,"w":-0.13247355818748475},"size":10.107887268066407,"orthographic":false}