{"cameraMode":{"drawMode":0,"name":"Shaded","section":"Shading Mode"},"sceneLighting":false,"audioPlay":false,"sceneViewState":{"showFog":true,"showMaterialUpdate":true,"showSkybox":true,"showFlares":true,"showImageEffects":true,"showParticleSystems":true},"in2DMode":false,"pivot":{"x":-1.5666416883468629,"y":0.8334094285964966,"z":2.7321395874023439},"rotation":{"x":0.13966162502765656,"y":-0.030915051698684694,"z":0.0043620942160487179,"w":0.9897069931030273},"size":3.6861753463745119,"orthographic":false}