{"cameraMode":{"drawMode":0,"name":"Shaded","section":"Shading Mode"},"sceneLighting":false,"audioPlay":false,"sceneViewState":{"showFog":true,"showMaterialUpdate":true,"showSkybox":true,"showFlares":true,"showImageEffects":true,"showParticleSystems":true},"in2DMode":false,"pivot":{"x":-1.628817081451416,"y":0.7267755270004273,"z":2.6974971294403078},"rotation":{"x":0.13966162502765656,"y":-0.030915051698684694,"z":0.0043620942160487179,"w":0.9897069931030273},"size":1.9251461029052735,"orthographic":false}