{"cameraMode":{"drawMode":0,"name":"Shaded","section":"Shading Mode"},"sceneLighting":false,"audioPlay":false,"sceneViewState":{"showFog":true,"showMaterialUpdate":true,"showSkybox":true,"showFlares":true,"showImageEffects":true,"showParticleSystems":true},"in2DMode":false,"pivot":{"x":38.83544921875,"y":1.6550002098083497,"z":22.90900421142578},"rotation":{"x":-0.06649179011583328,"y":-0.7874850034713745,"z":0.08631575107574463,"w":-0.6066266894340515},"size":13.20385456085205,"orthographic":false}