{"cameraMode":{"drawMode":0,"name":"Shaded","section":"Shading Mode"},"sceneLighting":false,"audioPlay":false,"sceneViewState":{"showFog":true,"showMaterialUpdate":true,"showSkybox":true,"showFlares":true,"showImageEffects":true,"showParticleSystems":true},"in2DMode":false,"pivot":{"x":-0.11299961805343628,"y":0.8039608001708984,"z":1.1815495491027833},"rotation":{"x":0.19551050662994386,"y":0.017646722495555879,"z":-0.0035189948976039888,"w":0.9805365204811096},"size":0.1487291008234024,"orthographic":false}