{"cameraMode":{"drawMode":0,"name":"Shaded","section":"Shading Mode"},"sceneLighting":true,"audioPlay":false,"sceneViewState":{"showFog":true,"showMaterialUpdate":true,"showSkybox":true,"showFlares":true,"showImageEffects":true,"showParticleSystems":true},"in2DMode":false,"pivot":{"x":-3.031468391418457,"y":0.2754138708114624,"z":2.1425557136535646},"rotation":{"x":0.05853048339486122,"y":-0.5332926511764526,"z":0.03702273964881897,"w":0.8430909514427185},"size":5.884434700012207,"orthographic":false}