{"cameraMode":{"drawMode":0,"name":"Shaded","section":"Shading Mode"},"sceneLighting":false,"audioPlay":false,"sceneViewState":{"showFog":true,"showMaterialUpdate":true,"showSkybox":true,"showFlares":true,"showImageEffects":true,"showParticleSystems":true},"in2DMode":false,"pivot":{"x":0.8614456653594971,"y":-10.30227279663086,"z":14.868181228637696},"rotation":{"x":0.19551050662994386,"y":0.017646722495555879,"z":-0.0035189948976039888,"w":0.9805365204811096},"size":32.74149703979492,"orthographic":false}