{"cameraMode":{"drawMode":0,"name":"Shaded","section":"Shading Mode"},"sceneLighting":false,"audioPlay":false,"sceneViewState":{"showFog":true,"showMaterialUpdate":true,"showSkybox":true,"showFlares":true,"showImageEffects":true,"showParticleSystems":true},"in2DMode":false,"pivot":{"x":13.0963134765625,"y":0.13332146406173707,"z":1.2907835245132447},"rotation":{"x":0.05043696239590645,"y":0.0027868831530213358,"z":-0.00014039101370144635,"w":0.9987233877182007},"size":6.221069812774658,"orthographic":false}