{"cameraMode":{"drawMode":0,"name":"Shaded","section":"Shading Mode"},"sceneLighting":true,"audioPlay":false,"sceneViewState":{"showFog":true,"showMaterialUpdate":true,"showSkybox":true,"showFlares":true,"showImageEffects":true,"showParticleSystems":true},"in2DMode":false,"pivot":{"x":0.018999993801116945,"y":1.4585479497909547,"z":-1.163894534111023},"rotation":{"x":-0.18071424961090089,"y":-0.6120730638504028,"z":0.1463414579629898,"w":-0.7558394074440002},"size":506.4829406738281,"orthographic":false}