{"cameraMode":{"drawMode":0,"name":"Shaded","section":"Shading Mode"},"sceneLighting":true,"audioPlay":false,"sceneViewState":{"showFog":true,"showMaterialUpdate":true,"showSkybox":true,"showFlares":true,"showImageEffects":true,"showParticleSystems":true},"in2DMode":false,"pivot":{"x":-8.024084091186524,"y":0.8323960900306702,"z":0.578782856464386},"rotation":{"x":0.1363854706287384,"y":-0.0014905879506841303,"z":0.00020489058806560934,"w":0.990654706954956},"size":1.1601110696792603,"orthographic":false}