{"cameraMode":{"drawMode":0,"name":"Shaded","section":"Shading Mode"},"sceneLighting":false,"audioPlay":false,"sceneViewState":{"showFog":true,"showMaterialUpdate":true,"showSkybox":true,"showFlares":true,"showImageEffects":true,"showParticleSystems":true},"in2DMode":false,"pivot":{"x":-0.08048486709594727,"y":-0.11943396925926209,"z":-1.4125919342041016},"rotation":{"x":0.00002397040771029424,"y":-0.9998814463615418,"z":0.015314708463847638,"w":0.0015865061432123185},"size":1.7998242378234864,"orthographic":false}