{"cameraMode":{"drawMode":0,"name":"Shaded","section":"Shading Mode"},"sceneLighting":false,"audioPlay":false,"sceneViewState":{"showFog":true,"showMaterialUpdate":true,"showSkybox":true,"showFlares":true,"showImageEffects":true,"showParticleSystems":true},"in2DMode":false,"pivot":{"x":-0.4452824890613556,"y":0.8872158527374268,"z":1.3226892948150635},"rotation":{"x":0.19446098804473878,"y":0.11912070959806442,"z":-0.023798735812306405,"w":0.9733595848083496},"size":1.4715163707733155,"orthographic":false}